{
	"credit": "Bubblellaneous Datapack model © BubbleFish",
	"parent": "bubblellaneous:block/abstract/tall",
	"textures": {
		"padlock": "bubblellaneous:block/padlock"
	},
	"elements": [
		{
			"from": [0, 0, 0],
			"to": [16, 16, 3],
			"faces": {
				"north": {"uv": [0, 0, 16, 16], "texture": "#bottom"},
				"east": {"uv": [3, 0, 0, 16], "texture": "#bottom"},
				"south": {"uv": [16, 0, 0, 16], "texture": "#bottom"},
				"west": {"uv": [0, 0, 3, 16], "texture": "#bottom"},
				"up": {"uv": [0, 13, 16, 16], "texture": "#bottom"},
				"down": {"uv": [13, 0, 16, 16], "rotation": 90, "texture": "#bottom"}
			}
		},
		{
			"from": [0, 16, 0],
			"to": [16, 32, 3],
			"faces": {
				"north": {"uv": [0, 0, 16, 16], "texture": "#top"},
				"east": {"uv": [3, 0, 0, 16], "texture": "#top"},
				"south": {"uv": [16, 0, 0, 16], "texture": "#top"},
				"west": {"uv": [0, 0, 3, 16], "texture": "#top"},
				"up": {"uv": [16, 0, 0, 3], "texture": "#top"},
				"down": {"uv": [0, 0, 16, 1.5], "texture": "#top"}
			}
		},
		{
			"from": [2, 14, -1],
			"to": [7, 19, 4],
			"faces": {
				"north": {"uv": [0, 0, 5, 5], "texture": "#padlock"},
				"east": {"uv": [5, 0, 10, 5], "texture": "#padlock"},
				"south": {"uv": [5, 0, 0, 5], "texture": "#padlock"},
				"west": {"uv": [5, 0, 10, 5], "texture": "#padlock"},
				"up": {"uv": [5, 0, 10, 5], "texture": "#padlock"},
				"down": {"uv": [5, 0, 10, 5], "texture": "#padlock"}
			}
		}
	]
}