{
	"credit": "Bubblellaneous Datapack model © BubbleFish",
	"texture_size": [12, 16],
	"textures": {
		"0": "bubblellaneous:item/camera_terminal",
		"particle": "bubblellaneous:item/camera_terminal"
	},
	"elements": [
		{
			"from": [2, 6, 4],
			"to": [14, 8, 12],
			"rotation": {"angle": 0, "axis": "y", "origin": [8, 0, 8]},
			"faces": {
				"north": {"uv": [0, 13, 16, 15], "texture": "#0"},
				"east": {"uv": [13.33333, 8, 16, 16], "rotation": 90, "texture": "#0"},
				"south": {"uv": [0, 8, 16, 10], "texture": "#0"},
				"west": {"uv": [0, 8, 2.66667, 16], "rotation": 90, "texture": "#0"},
				"up": {"uv": [0, 0, 16, 8], "texture": "#0"},
				"down": {"uv": [0, 8, 16, 16], "texture": "#0"}
			}
		}
	],
	"display": {
		"thirdperson_righthand": {
			"rotation": [90, 0, 0],
			"translation": [-6, 2.5, 0.5]
		},
		"thirdperson_lefthand": {
			"rotation": [90, 0, 0],
			"translation": [-6, 2.5, 0.5]
		},
		"firstperson_righthand": {
			"rotation": [60, 0, 0],
			"translation": [-5, 4, 0]
		},
		"firstperson_lefthand": {
			"rotation": [60, 0, 0],
			"translation": [-5, 4, 0]
		},
		"ground": {
			"scale": [0.5, 0.5, 0.5]
		},
		"gui": {
			"rotation": [60, 0, 30],
			"translation": [-0.5, 0.5, 0],
			"scale": [1.25, 1.25, 1.25]
		},
		"fixed": {
			"rotation": [90, 0, -180],
			"translation": [0, 0, -1.75]
		}
	}
}