{
	"credit": "Bubblellaneous Datapack model © BubbleFish",
	"parent": "bubblellaneous:block/abstract/cube",
	"elements": [
		{
			"from": [0, 0, 0],
			"to": [16, 1, 16],
			"faces": {
				"north": {"uv": [0, 15, 16, 16], "texture": "#material"},
				"east": {"uv": [0, 15, 16, 16], "texture": "#material"},
				"south": {"uv": [0, 15, 16, 16], "texture": "#material"},
				"west": {"uv": [0, 15, 16, 16], "texture": "#material"},
				"up": {"uv": [0, 0, 16, 16], "texture": "#material"},
				"down": {"uv": [0, 0, 16, 16], "texture": "#material"}
			}
		},
		{
			"from": [0, 15, 0],
			"to": [16, 16, 16],
			"faces": {
				"north": {"uv": [0, 0, 16, 1], "texture": "#material"},
				"east": {"uv": [0, 0, 16, 1], "texture": "#material"},
				"south": {"uv": [0, 0, 16, 1], "texture": "#material"},
				"west": {"uv": [0, 0, 16, 1], "texture": "#material"},
				"up": {"uv": [0, 0, 16, 16], "texture": "#material"},
				"down": {"uv": [0, 0, 16, 16], "texture": "#material"}
			}
		},
		{
			"from": [1, 7, 0],
			"to": [15, 9, 15],
			"faces": {
				"north": {"uv": [1, 7, 15, 9], "texture": "#material"},
				"east": {"uv": [1, 7, 16, 9], "texture": "#material"},
				"south": {"uv": [1, 7, 15, 9], "texture": "#material"},
				"west": {"uv": [0, 7, 15, 9], "texture": "#material"},
				"up": {"uv": [1, 0, 15, 15], "texture": "#material"},
				"down": {"uv": [1, 1, 15, 16], "texture": "#material"}
			}
		},
		{
			"from": [15, 1, 0],
			"to": [16, 15, 16],
			"faces": {
				"north": {"uv": [0, 1, 1, 15], "texture": "#material"},
				"east": {"uv": [0, 1, 16, 15], "texture": "#material"},
				"south": {"uv": [15, 1, 16, 15], "texture": "#material"},
				"west": {"uv": [0, 1, 16, 15], "texture": "#material"},
				"up": {"uv": [15, 0, 16, 16], "texture": "#material"},
				"down": {"uv": [15, 0, 16, 16], "texture": "#material"}
			}
		},
		{
			"from": [0, 1, 0],
			"to": [1, 15, 16],
			"faces": {
				"north": {"uv": [15, 1, 16, 15], "texture": "#material"},
				"east": {"uv": [0, 1, 16, 15], "texture": "#material"},
				"south": {"uv": [0, 1, 1, 15], "texture": "#material"},
				"west": {"uv": [0, 1, 16, 15], "texture": "#material"},
				"up": {"uv": [0, 0, 1, 16], "texture": "#material"},
				"down": {"uv": [0, 0, 1, 16], "texture": "#material"}
			}
		},
		{
			"from": [1, 1, 15],
			"to": [15, 15, 16],
			"faces": {
				"north": {"uv": [1, 1, 15, 15], "texture": "#material"},
				"east": {"uv": [0, 1, 1, 15], "texture": "#material"},
				"south": {"uv": [1, 1, 15, 15], "texture": "#material"},
				"west": {"uv": [15, 1, 16, 15], "texture": "#material"},
				"up": {"uv": [1, 15, 15, 16], "texture": "#material"},
				"down": {"uv": [1, 0, 15, 1], "texture": "#material"}
			}
		}
	]
}