{
	"credit": "Bubblellaneous Datapack model © BubbleFish",
	"parent": "bubblellaneous:block/beartrap/open",
	"elements": [
		{
			"from": [4, 3, 5],
			"to": [12, 5, 6],
			"rotation": {"angle": 0, "axis": "x", "origin": [8, 0.5, 5.5]},
			"faces": {
				"north": {"uv": [4, 13, 12, 15], "rotation": 180, "texture": "#0"},
				"east": {"uv": [13, 15, 15, 16], "rotation": 270, "texture": "#0"},
				"south": {"uv": [4, 1, 12, 3], "texture": "#0"},
				"west": {"uv": [1, 15, 3, 16], "rotation": 90, "texture": "#0"},
				"up": {"uv": [4, 15, 12, 16], "rotation": 180, "texture": "#0"},
				"down": {"uv": [4, 15, 12, 16], "texture": "#0"}
			}
		},
		{
			"from": [11, 4, 6],
			"to": [12, 5, 9],
			"rotation": {"angle": 0, "axis": "x", "origin": [8, 0.5, 5.5]},
			"faces": {
				"north": {"uv": [11, 14, 12, 15], "rotation": 180, "texture": "#0"},
				"east": {"uv": [14, 12, 15, 15], "rotation": 270, "texture": "#0"},
				"south": {"uv": [11, 1, 12, 2], "texture": "#0"},
				"west": {"uv": [1, 12, 2, 15], "rotation": 90, "texture": "#0"},
				"up": {"uv": [4, 12, 5, 15], "rotation": 180, "texture": "#0"},
				"down": {"uv": [11, 12, 12, 15], "texture": "#0"}
			}
		},
		{
			"from": [9, 4, 6],
			"to": [10, 5, 9],
			"rotation": {"angle": 0, "axis": "x", "origin": [8, 0.5, 5.5]},
			"faces": {
				"north": {"uv": [9, 14, 10, 15], "rotation": 180, "texture": "#0"},
				"east": {"uv": [14, 12, 15, 15], "rotation": 270, "texture": "#0"},
				"south": {"uv": [9, 1, 10, 2], "texture": "#0"},
				"west": {"uv": [1, 12, 2, 15], "rotation": 90, "texture": "#0"},
				"up": {"uv": [6, 12, 7, 15], "rotation": 180, "texture": "#0"},
				"down": {"uv": [9, 12, 10, 15], "texture": "#0"}
			}
		},
		{
			"from": [7, 4, 6],
			"to": [8, 5, 9],
			"rotation": {"angle": 0, "axis": "x", "origin": [8, 0.5, 5.5]},
			"faces": {
				"north": {"uv": [7, 14, 8, 15], "rotation": 180, "texture": "#0"},
				"east": {"uv": [14, 12, 15, 15], "rotation": 270, "texture": "#0"},
				"south": {"uv": [7, 1, 8, 2], "texture": "#0"},
				"west": {"uv": [1, 12, 2, 15], "rotation": 90, "texture": "#0"},
				"up": {"uv": [8, 12, 9, 15], "rotation": 180, "texture": "#0"},
				"down": {"uv": [7, 12, 8, 15], "texture": "#0"}
			}
		},
		{
			"from": [5, 4, 6],
			"to": [6, 5, 9],
			"rotation": {"angle": 0, "axis": "x", "origin": [8, 0.5, 5.5]},
			"faces": {
				"north": {"uv": [5, 14, 6, 15], "rotation": 180, "texture": "#0"},
				"east": {"uv": [14, 12, 15, 15], "rotation": 270, "texture": "#0"},
				"south": {"uv": [5, 1, 6, 2], "texture": "#0"},
				"west": {"uv": [1, 12, 2, 15], "rotation": 90, "texture": "#0"},
				"up": {"uv": [10, 12, 11, 15], "rotation": 180, "texture": "#0"},
				"down": {"uv": [5, 12, 6, 15], "texture": "#0"}
			}
		},
		{
			"from": [4, 4, 7],
			"to": [5, 5, 10],
			"rotation": {"angle": 0, "axis": "x", "origin": [8, 0.5, 10.5]},
			"faces": {
				"north": {"uv": [4, 14, 5, 15], "rotation": 180, "texture": "#0"},
				"east": {"uv": [1, 12, 2, 15], "rotation": 90, "texture": "#0"},
				"south": {"uv": [4, 1, 5, 2], "texture": "#0"},
				"west": {"uv": [14, 12, 15, 15], "rotation": 270, "texture": "#0"},
				"up": {"uv": [4, 12, 5, 15], "texture": "#0"},
				"down": {"uv": [11, 12, 12, 15], "rotation": 180, "texture": "#0"}
			}
		},
		{
			"from": [6, 4, 7],
			"to": [7, 5, 10],
			"rotation": {"angle": 0, "axis": "x", "origin": [8, 0.5, 10.5]},
			"faces": {
				"north": {"uv": [6, 14, 7, 15], "rotation": 180, "texture": "#0"},
				"east": {"uv": [1, 12, 2, 15], "rotation": 90, "texture": "#0"},
				"south": {"uv": [6, 1, 7, 2], "texture": "#0"},
				"west": {"uv": [14, 12, 15, 15], "rotation": 270, "texture": "#0"},
				"up": {"uv": [6, 12, 7, 15], "texture": "#0"},
				"down": {"uv": [9, 12, 10, 15], "rotation": 180, "texture": "#0"}
			}
		},
		{
			"from": [8, 4, 7],
			"to": [9, 5, 10],
			"rotation": {"angle": 0, "axis": "x", "origin": [8, 0.5, 10.5]},
			"faces": {
				"north": {"uv": [8, 14, 9, 15], "rotation": 180, "texture": "#0"},
				"east": {"uv": [1, 12, 2, 15], "rotation": 90, "texture": "#0"},
				"south": {"uv": [8, 1, 9, 2], "texture": "#0"},
				"west": {"uv": [14, 12, 15, 15], "rotation": 270, "texture": "#0"},
				"up": {"uv": [8, 12, 9, 15], "texture": "#0"},
				"down": {"uv": [7, 12, 8, 15], "rotation": 180, "texture": "#0"}
			}
		},
		{
			"from": [10, 4, 7],
			"to": [11, 5, 10],
			"rotation": {"angle": 0, "axis": "x", "origin": [8, 0.5, 10.5]},
			"faces": {
				"north": {"uv": [10, 14, 11, 15], "rotation": 180, "texture": "#0"},
				"east": {"uv": [1, 12, 2, 15], "rotation": 90, "texture": "#0"},
				"south": {"uv": [10, 1, 11, 2], "texture": "#0"},
				"west": {"uv": [14, 12, 15, 15], "rotation": 270, "texture": "#0"},
				"up": {"uv": [10, 12, 11, 15], "texture": "#0"},
				"down": {"uv": [5, 12, 6, 15], "rotation": 180, "texture": "#0"}
			}
		},
		{
			"from": [4, 3, 10],
			"to": [12, 5, 11],
			"rotation": {"angle": 0, "axis": "x", "origin": [8, 0.5, 10.5]},
			"faces": {
				"north": {"uv": [4, 13, 12, 15], "rotation": 180, "texture": "#0"},
				"east": {"uv": [1, 15, 3, 16], "rotation": 90, "texture": "#0"},
				"south": {"uv": [4, 1, 12, 3], "texture": "#0"},
				"west": {"uv": [13, 15, 15, 16], "rotation": 270, "texture": "#0"},
				"up": {"uv": [4, 15, 12, 16], "texture": "#0"},
				"down": {"uv": [4, 15, 12, 16], "rotation": 180, "texture": "#0"}
			}
		},
		{
			"from": [11, 0, 6],
			"to": [12, 1, 10],
			"faces": {
				"north": {"uv": [4, 15, 5, 16], "texture": "#0"},
				"east": {"uv": [6, 15, 10, 16], "texture": "#0"},
				"south": {"uv": [11, 15, 12, 16], "texture": "#0"},
				"west": {"uv": [6, 15, 10, 16], "texture": "#0"},
				"up": {"uv": [11, 6, 12, 10], "texture": "#0"},
				"down": {"uv": [11, 6, 12, 10], "texture": "#0"}
			}
		},
		{
			"from": [11, 0, 5],
			"to": [12, 3, 6],
			"rotation": {"angle": 0, "axis": "x", "origin": [8, 0.5, 5.5]},
			"faces": {
				"north": {"uv": [11, 10, 12, 13], "rotation": 180, "texture": "#0"},
				"east": {"uv": [10, 15, 13, 16], "rotation": 270, "texture": "#0"},
				"south": {"uv": [11, 3, 12, 6], "texture": "#0"},
				"west": {"uv": [3, 15, 6, 16], "rotation": 90, "texture": "#0"},
				"up": {"uv": [4, 15, 5, 16], "rotation": 180, "texture": "#0"},
				"down": {"uv": [11, 15, 12, 16], "texture": "#0"}
			}
		},
		{
			"from": [11, 0, 10],
			"to": [12, 3, 11],
			"rotation": {"angle": 0, "axis": "x", "origin": [8, 0.5, 10.5]},
			"faces": {
				"north": {"uv": [11, 10, 12, 13], "rotation": 180, "texture": "#0"},
				"east": {"uv": [3, 15, 6, 16], "rotation": 90, "texture": "#0"},
				"south": {"uv": [11, 3, 12, 6], "texture": "#0"},
				"west": {"uv": [10, 15, 13, 16], "rotation": 270, "texture": "#0"},
				"up": {"uv": [11, 15, 12, 16], "texture": "#0"},
				"down": {"uv": [4, 15, 5, 16], "rotation": 180, "texture": "#0"}
			}
		},
		{
			"from": [4, 0, 5],
			"to": [5, 3, 6],
			"rotation": {"angle": 0, "axis": "x", "origin": [8, 0.5, 5.5]},
			"faces": {
				"north": {"uv": [4, 10, 5, 13], "rotation": 180, "texture": "#0"},
				"east": {"uv": [10, 15, 13, 16], "rotation": 270, "texture": "#0"},
				"south": {"uv": [4, 3, 5, 6], "texture": "#0"},
				"west": {"uv": [3, 15, 6, 16], "rotation": 90, "texture": "#0"},
				"up": {"uv": [11, 15, 12, 16], "rotation": 180, "texture": "#0"},
				"down": {"uv": [4, 15, 5, 16], "texture": "#0"}
			}
		},
		{
			"from": [4, 0, 10],
			"to": [5, 3, 11],
			"rotation": {"angle": 0, "axis": "x", "origin": [8, 0.5, 10.5]},
			"faces": {
				"north": {"uv": [4, 10, 5, 13], "rotation": 180, "texture": "#0"},
				"east": {"uv": [3, 15, 6, 16], "rotation": 90, "texture": "#0"},
				"south": {"uv": [4, 3, 5, 6], "texture": "#0"},
				"west": {"uv": [10, 15, 13, 16], "rotation": 270, "texture": "#0"},
				"up": {"uv": [4, 15, 5, 16], "texture": "#0"},
				"down": {"uv": [11, 15, 12, 16], "rotation": 180, "texture": "#0"}
			}
		},
		{
			"from": [4, 0, 6],
			"to": [5, 1, 10],
			"faces": {
				"north": {"uv": [11, 15, 12, 16], "texture": "#0"},
				"east": {"uv": [6, 15, 10, 16], "texture": "#0"},
				"south": {"uv": [4, 15, 5, 16], "texture": "#0"},
				"west": {"uv": [6, 15, 10, 16], "texture": "#0"},
				"up": {"uv": [4, 6, 5, 10], "texture": "#0"},
				"down": {"uv": [4, 6, 5, 10], "texture": "#0"}
			}
		},
		{
			"from": [5, 0, 8],
			"to": [11, 1, 9],
			"faces": {
				"north": {"uv": [5, 15, 11, 16], "texture": "#0"},
				"east": {"uv": [7, 15, 8, 16], "texture": "#0"},
				"south": {"uv": [5, 15, 11, 16], "texture": "#0"},
				"west": {"uv": [8, 15, 9, 16], "texture": "#0"},
				"up": {"uv": [5, 8, 11, 9], "texture": "#0"},
				"down": {"uv": [5, 7, 11, 8], "texture": "#0"}
			}
		},
		{
			"from": [6, 0.25, 5],
			"to": [10, 1.25, 11],
			"rotation": {"angle": 0, "axis": "y", "origin": [0, -1, 5]},
			"faces": {
				"north": {"uv": [10, 1, 14, 2], "texture": "#1"},
				"east": {"uv": [9, 10, 15, 11], "texture": "#1"},
				"south": {"uv": [9, 9, 13, 10], "texture": "#1"},
				"west": {"uv": [8, 4, 14, 5], "texture": "#1"},
				"up": {"uv": [6, 5, 10, 11], "texture": "#1"},
				"down": {"uv": [6, 5, 10, 11], "texture": "#0"}
			}
		}
	]
}