{
	"credit": "Bubblellaneous Datapack model © BubbleFish",
	"parent": "bubblellaneous:block/abstract/cube",
	"textures": {
		"0": "block/anvil",
		"1": "block/smooth_stone",
		"particle": "block/anvil"
	},
	"elements": [
		{
			"from": [4, 0, 1],
			"to": [12, 1, 3],
			"faces": {
				"north": {"uv": [4, 15, 12, 16], "texture": "#0"},
				"east": {"uv": [13, 15, 15, 16], "texture": "#0"},
				"south": {"uv": [4, 15, 12, 16], "texture": "#0"},
				"west": {"uv": [1, 15, 3, 16], "texture": "#0"},
				"up": {"uv": [4, 1, 12, 3], "texture": "#0"},
				"down": {"uv": [4, 13, 12, 15], "texture": "#0"}
			}
		},
		{
			"from": [11, 1, 1],
			"to": [12, 4, 2],
			"faces": {
				"north": {"uv": [4, 12, 5, 15], "texture": "#0"},
				"east": {"uv": [14, 12, 15, 15], "texture": "#0"},
				"south": {"uv": [11, 12, 12, 15], "texture": "#0"},
				"west": {"uv": [1, 12, 2, 15], "texture": "#0"},
				"up": {"uv": [11, 1, 12, 2], "texture": "#0"},
				"down": {"uv": [11, 14, 12, 15], "texture": "#0"}
			}
		},
		{
			"from": [9, 1, 1],
			"to": [10, 4, 2],
			"faces": {
				"north": {"uv": [6, 12, 7, 15], "texture": "#0"},
				"east": {"uv": [14, 12, 15, 15], "texture": "#0"},
				"south": {"uv": [9, 12, 10, 15], "texture": "#0"},
				"west": {"uv": [1, 12, 2, 15], "texture": "#0"},
				"up": {"uv": [9, 1, 10, 2], "texture": "#0"},
				"down": {"uv": [9, 14, 10, 15], "texture": "#0"}
			}
		},
		{
			"from": [7, 1, 1],
			"to": [8, 4, 2],
			"faces": {
				"north": {"uv": [8, 12, 9, 15], "texture": "#0"},
				"east": {"uv": [14, 12, 15, 15], "texture": "#0"},
				"south": {"uv": [7, 12, 8, 15], "texture": "#0"},
				"west": {"uv": [1, 12, 2, 15], "texture": "#0"},
				"up": {"uv": [7, 1, 8, 2], "texture": "#0"},
				"down": {"uv": [7, 14, 8, 15], "texture": "#0"}
			}
		},
		{
			"from": [5, 1, 1],
			"to": [6, 4, 2],
			"faces": {
				"north": {"uv": [10, 12, 11, 15], "texture": "#0"},
				"east": {"uv": [14, 12, 15, 15], "texture": "#0"},
				"south": {"uv": [5, 12, 6, 15], "texture": "#0"},
				"west": {"uv": [1, 12, 2, 15], "texture": "#0"},
				"up": {"uv": [5, 1, 6, 2], "texture": "#0"},
				"down": {"uv": [5, 14, 6, 15], "texture": "#0"}
			}
		},
		{
			"from": [4, 1, 14],
			"to": [5, 4, 15],
			"faces": {
				"north": {"uv": [11, 12, 12, 15], "texture": "#0"},
				"east": {"uv": [1, 12, 2, 15], "texture": "#0"},
				"south": {"uv": [4, 12, 5, 15], "texture": "#0"},
				"west": {"uv": [14, 12, 15, 15], "texture": "#0"},
				"up": {"uv": [4, 14, 5, 15], "texture": "#0"},
				"down": {"uv": [4, 1, 5, 2], "texture": "#0"}
			}
		},
		{
			"from": [6, 1, 14],
			"to": [7, 4, 15],
			"faces": {
				"north": {"uv": [9, 12, 10, 15], "texture": "#0"},
				"east": {"uv": [1, 12, 2, 15], "texture": "#0"},
				"south": {"uv": [6, 12, 7, 15], "texture": "#0"},
				"west": {"uv": [14, 12, 15, 15], "texture": "#0"},
				"up": {"uv": [6, 14, 7, 15], "texture": "#0"},
				"down": {"uv": [6, 1, 7, 2], "texture": "#0"}
			}
		},
		{
			"from": [8, 1, 14],
			"to": [9, 4, 15],
			"faces": {
				"north": {"uv": [7, 12, 8, 15], "texture": "#0"},
				"east": {"uv": [1, 12, 2, 15], "texture": "#0"},
				"south": {"uv": [8, 12, 9, 15], "texture": "#0"},
				"west": {"uv": [14, 12, 15, 15], "texture": "#0"},
				"up": {"uv": [8, 14, 9, 15], "texture": "#0"},
				"down": {"uv": [8, 1, 9, 2], "texture": "#0"}
			}
		},
		{
			"from": [10, 1, 14],
			"to": [11, 4, 15],
			"faces": {
				"north": {"uv": [5, 12, 6, 15], "texture": "#0"},
				"east": {"uv": [1, 12, 2, 15], "texture": "#0"},
				"south": {"uv": [10, 12, 11, 15], "texture": "#0"},
				"west": {"uv": [14, 12, 15, 15], "texture": "#0"},
				"up": {"uv": [10, 14, 11, 15], "texture": "#0"},
				"down": {"uv": [10, 1, 11, 2], "texture": "#0"}
			}
		},
		{
			"from": [4, 0, 13],
			"to": [12, 1, 15],
			"faces": {
				"north": {"uv": [4, 15, 12, 16], "texture": "#0"},
				"east": {"uv": [1, 15, 3, 16], "texture": "#0"},
				"south": {"uv": [4, 15, 12, 16], "texture": "#0"},
				"west": {"uv": [13, 15, 15, 16], "texture": "#0"},
				"up": {"uv": [4, 13, 12, 15], "texture": "#0"},
				"down": {"uv": [4, 1, 12, 3], "texture": "#0"}
			}
		},
		{
			"from": [11, 0, 6],
			"to": [12, 1, 10],
			"faces": {
				"north": {"uv": [4, 15, 5, 16], "texture": "#0"},
				"east": {"uv": [6, 15, 10, 16], "texture": "#0"},
				"south": {"uv": [11, 15, 12, 16], "texture": "#0"},
				"west": {"uv": [6, 15, 10, 16], "texture": "#0"},
				"up": {"uv": [11, 6, 12, 10], "texture": "#0"},
				"down": {"uv": [11, 6, 12, 10], "texture": "#0"}
			}
		},
		{
			"from": [11, 0, 3],
			"to": [12, 1, 6],
			"faces": {
				"north": {"uv": [4, 15, 5, 16], "texture": "#0"},
				"east": {"uv": [10, 15, 13, 16], "texture": "#0"},
				"south": {"uv": [11, 15, 12, 16], "texture": "#0"},
				"west": {"uv": [3, 15, 6, 16], "texture": "#0"},
				"up": {"uv": [11, 3, 12, 6], "texture": "#0"},
				"down": {"uv": [11, 10, 12, 13], "texture": "#0"}
			}
		},
		{
			"from": [11, 0, 10],
			"to": [12, 1, 13],
			"faces": {
				"north": {"uv": [4, 15, 5, 16], "texture": "#0"},
				"east": {"uv": [3, 15, 6, 16], "texture": "#0"},
				"south": {"uv": [11, 15, 12, 16], "texture": "#0"},
				"west": {"uv": [10, 15, 13, 16], "texture": "#0"},
				"up": {"uv": [11, 10, 12, 13], "texture": "#0"},
				"down": {"uv": [11, 3, 12, 6], "texture": "#0"}
			}
		},
		{
			"from": [4, 0, 3],
			"to": [5, 1, 6],
			"faces": {
				"north": {"uv": [11, 15, 12, 16], "texture": "#0"},
				"east": {"uv": [10, 15, 13, 16], "texture": "#0"},
				"south": {"uv": [4, 15, 5, 16], "texture": "#0"},
				"west": {"uv": [3, 15, 6, 16], "texture": "#0"},
				"up": {"uv": [4, 3, 5, 6], "texture": "#0"},
				"down": {"uv": [4, 10, 5, 13], "texture": "#0"}
			}
		},
		{
			"from": [4, 0, 10],
			"to": [5, 1, 13],
			"faces": {
				"north": {"uv": [11, 15, 12, 16], "texture": "#0"},
				"east": {"uv": [3, 15, 6, 16], "texture": "#0"},
				"south": {"uv": [4, 15, 5, 16], "texture": "#0"},
				"west": {"uv": [10, 15, 13, 16], "texture": "#0"},
				"up": {"uv": [4, 10, 5, 13], "texture": "#0"},
				"down": {"uv": [4, 3, 5, 6], "texture": "#0"}
			}
		},
		{
			"from": [4, 0, 6],
			"to": [5, 1, 10],
			"faces": {
				"north": {"uv": [11, 15, 12, 16], "texture": "#0"},
				"east": {"uv": [6, 15, 10, 16], "texture": "#0"},
				"south": {"uv": [4, 15, 5, 16], "texture": "#0"},
				"west": {"uv": [6, 15, 10, 16], "texture": "#0"},
				"up": {"uv": [4, 6, 5, 10], "texture": "#0"},
				"down": {"uv": [4, 6, 5, 10], "texture": "#0"}
			}
		},
		{
			"from": [5, 0, 8],
			"to": [11, 1, 9],
			"faces": {
				"north": {"uv": [5, 15, 11, 16], "texture": "#0"},
				"east": {"uv": [7, 15, 8, 16], "texture": "#0"},
				"south": {"uv": [5, 15, 11, 16], "texture": "#0"},
				"west": {"uv": [8, 15, 9, 16], "texture": "#0"},
				"up": {"uv": [5, 8, 11, 9], "texture": "#0"},
				"down": {"uv": [5, 7, 11, 8], "texture": "#0"}
			}
		},
		{
			"from": [6, 1, 5],
			"to": [10, 2, 11],
			"faces": {
				"north": {"uv": [10, 1, 14, 2], "texture": "#1"},
				"east": {"uv": [9, 10, 15, 11], "texture": "#1"},
				"south": {"uv": [9, 9, 13, 10], "texture": "#1"},
				"west": {"uv": [8, 4, 14, 5], "texture": "#1"},
				"up": {"uv": [6, 5, 10, 11], "texture": "#1"},
				"down": {"uv": [6, 5, 10, 11], "texture": "#0"}
			}
		}
	],
    "display": {
        "gui": {
            "translation": [0, 5, 0],
			"rotation": [30, -135, 0],
			"scale": [0.9, 0.9, 0.9]
		}
    }
}