{
    "credit": "Bubblellaneous Datapack model © BubbleFish",
	"parent": "bubblellaneous:block/abstract/cube",
	"elements": [
		{
			"from": [0, 12, 0],
			"to": [16, 16, 16],
			"faces": {
				"north": {"uv": [0, 0, 16, 4], "texture": "#material"},
				"east": {"uv": [16, 0, 0, 4], "texture": "#material"},
				"south": {"uv": [16, 0, 0, 4], "texture": "#material"},
				"west": {"uv": [0, 0, 16, 4], "texture": "#material"},
				"up": {"uv": [0, 0, 16, 16], "texture": "#material"},
				"down": {"uv": [0, 16, 16, 0], "texture": "#material"}
			}
		}
	]
}