{
	"credit": "Bubblellaneous Datapack model © BubbleFish",
	"parent": "bubblellaneous:block/abstract/cube",
	"textures": {
        "holders": "minecraft:block/anvil"
    },
	"elements": [
		{
			"from": [0, 7, 0],
			"to": [16, 9, 16],
			"faces": {
				"north": {"uv": [0, 5, 16, 7], "texture": "#material"},
				"east": {"uv": [0, 9, 16, 11], "texture": "#material"},
				"south": {"uv": [0, 4, 16, 6], "texture": "#material"},
				"west": {"uv": [0, 8, 16, 10], "texture": "#material"},
				"up": {"uv": [0, 0, 16, 16], "texture": "#material"},
				"down": {"uv": [0, 16, 16, 0], "texture": "#material"}
			}
		},
		{
			"from": [2, 4, 15],
			"to": [4, 12, 17],
			"faces": {
				"north": {"uv": [7, 4, 9, 12], "texture": "#holders"},
				"east": {"uv": [11, 4, 13, 12], "texture": "#holders"},
				"south": {"uv": [13, 4, 15, 12], "texture": "#holders"},
				"west": {"uv": [5, 4, 7, 12], "texture": "#holders"},
				"up": {"uv": [11, 4, 13, 6], "texture": "#holders"},
				"down": {"uv": [8, 8, 10, 10], "texture": "#holders"}
			}
		},
		{
			"from": [12, 4, 15],
			"to": [14, 12, 17],
			"faces": {
				"north": {"uv": [7, 4, 9, 12], "texture": "#holders"},
				"east": {"uv": [11, 4, 13, 12], "texture": "#holders"},
				"south": {"uv": [13, 4, 15, 12], "texture": "#holders"},
				"west": {"uv": [5, 4, 7, 12], "texture": "#holders"},
				"up": {"uv": [11, 4, 13, 6], "texture": "#holders"},
				"down": {"uv": [8, 8, 10, 10], "texture": "#holders"}
			}
		}
	]
}