{
	"credit": "Bubblellaneous Datapack model © BubbleFish",
	"parent": "bubblellaneous:block/abstract/cube",
	"elements": [
		{
			"from": [0, 0, 15],
			"to": [16, 4, 16],
			"rotation": {"angle": 22.5, "axis": "x", "origin": [8, 3, 15]},
			"faces": {
				"north": {"uv": [0, 0, 16, 4], "rotation": 180, "texture": "#material"},
				"east": {"uv": [0, 0, 4, 1], "rotation": 90, "texture": "#material"},
				"south": {"uv": [0, 0, 16, 4], "texture": "#material"},
				"west": {"uv": [0, 0, 4, 1], "rotation": 270, "texture": "#material"},
				"up": {"uv": [0, 0, 16, 1], "texture": "#material"},
				"down": {"uv": [0, 0, 16, 1], "rotation": 180, "texture": "#material"}
			}
		},
		{
			"from": [0, 3, 15],
			"to": [16, 7, 16],
			"rotation": {"angle": 22.5, "axis": "x", "origin": [8, 6, 15]},
			"faces": {
				"north": {"uv": [0, 0, 16, 4], "rotation": 180, "texture": "#material"},
				"east": {"uv": [0, 0, 4, 1], "rotation": 90, "texture": "#material"},
				"south": {"uv": [0, 0, 16, 4], "texture": "#material"},
				"west": {"uv": [0, 0, 4, 1], "rotation": 270, "texture": "#material"},
				"up": {"uv": [0, 0, 16, 1], "texture": "#material"},
				"down": {"uv": [0, 0, 16, 1], "rotation": 180, "texture": "#material"}
			}
		},
		{
			"from": [0, 9, 15],
			"to": [16, 13, 16],
			"rotation": {"angle": 22.5, "axis": "x", "origin": [8, 12, 15]},
			"faces": {
				"north": {"uv": [0, 0, 16, 4], "rotation": 180, "texture": "#material"},
				"east": {"uv": [0, 0, 4, 1], "rotation": 90, "texture": "#material"},
				"south": {"uv": [0, 0, 16, 4], "texture": "#material"},
				"west": {"uv": [0, 0, 4, 1], "rotation": 270, "texture": "#material"},
				"up": {"uv": [0, 0, 16, 1], "texture": "#material"},
				"down": {"uv": [0, 0, 16, 1], "rotation": 180, "texture": "#material"}
			}
		},
		{
			"from": [0, 6, 15],
			"to": [16, 10, 16],
			"rotation": {"angle": 22.5, "axis": "x", "origin": [8, 9, 15]},
			"faces": {
				"north": {"uv": [0, 0, 16, 4], "rotation": 180, "texture": "#material"},
				"east": {"uv": [0, 0, 4, 1], "rotation": 90, "texture": "#material"},
				"south": {"uv": [0, 0, 16, 4], "texture": "#material"},
				"west": {"uv": [0, 0, 4, 1], "rotation": 270, "texture": "#material"},
				"up": {"uv": [0, 0, 16, 1], "texture": "#material"},
				"down": {"uv": [0, 0, 16, 1], "rotation": 180, "texture": "#material"}
			}
		},
		{
			"from": [0, 12, 15],
			"to": [16, 16, 16],
			"rotation": {"angle": 22.5, "axis": "x", "origin": [8, 15, 15]},
			"faces": {
				"north": {"uv": [0, 0, 16, 4], "rotation": 180, "texture": "#material"},
				"east": {"uv": [0, 0, 4, 1], "rotation": 90, "texture": "#material"},
				"south": {"uv": [0, 0, 16, 4], "texture": "#material"},
				"west": {"uv": [0, 0, 4, 1], "rotation": 270, "texture": "#material"},
				"up": {"uv": [0, 0, 16, 1], "texture": "#material"},
				"down": {"uv": [0, 0, 16, 1], "rotation": 180, "texture": "#material"}
			}
		}
	],
    "gui_light": "front",
    "display": {
        "gui": {
			"rotation": [0, 0, 0],
			"scale": [0.8, 0.8, 0.8]
		}
    }
}