{
    "credit": "Bubblellaneous Datapack model © BubbleFish",
	"parent": "bubblellaneous:block/abstract/cube",
	"textures": {
        "side": "bubblellaneous:block/security_alarm/side",
        "top": "bubblellaneous:block/security_alarm/top"
	},
	"elements": [
		{
			"from": [0, 0, 0],
			"to": [16, 16, 16],
			"faces": {
				"north": {"uv": [0, 0, 16, 16], "texture": "#side"},
				"east": {"uv": [0, 0, 16, 16], "texture": "#side"},
				"south": {"uv": [0, 0, 16, 16], "texture": "#side"},
				"west": {"uv": [0, 0, 16, 16], "texture": "#side"},
				"up": {"uv": [0, 0, 16, 16], "texture": "#top"},
				"down": {"uv": [0, 0, 16, 16], "texture": "#top"}
			}
		}
	]
}