{
	"credit": "Bubblellaneous Datapack model © BubbleFish",
	"parent": "bubblellaneous:block/abstract/tall",
	"textures": {
		"1": "block/stonecutter_bottom",
		"2": "block/tinted_glass",
		"particle": "block/quartz_block_bottom"
	},
	"elements": [
		{
			"from": [0, 0, 0],
			"to": [16, 4, 16],
			"faces": {
				"north": {"uv": [0, 12, 16, 16], "texture": "#1"},
				"east": {"uv": [0, 12, 16, 16], "texture": "#1"},
				"south": {"uv": [0, 12, 16, 16], "texture": "#1"},
				"west": {"uv": [0, 12, 16, 16], "texture": "#1"},
				"up": {"uv": [0, 0, 16, 16], "texture": "#1"},
				"down": {"uv": [0, 0, 16, 16], "texture": "#1"}
			}
		},
		{
			"from": [15, 4, 0],
			"to": [16, 32, 16],
			"faces": {
				"north": {"uv": [7, 7, 9, 9], "texture": "#2"},
				"east": {"uv": [7, 7, 9, 9], "texture": "#2"},
				"south": {"uv": [7, 7, 9, 9], "texture": "#2"},
				"west": {"uv": [7, 7, 9, 9], "texture": "#2"},
				"up": {"uv": [7, 7, 9, 9], "texture": "#2"},
				"down": {"uv": [7, 7, 9, 9], "texture": "#2"}
			}
		},
		{
			"from": [0, 4, 0],
			"to": [1, 32, 16],
			"faces": {
				"north": {"uv": [7, 7, 9, 9], "texture": "#2"},
				"east": {"uv": [7, 7, 9, 9], "texture": "#2"},
				"south": {"uv": [7, 7, 9, 9], "texture": "#2"},
				"west": {"uv": [7, 7, 9, 9], "texture": "#2"},
				"up": {"uv": [7, 7, 9, 9], "texture": "#2"},
				"down": {"uv": [7, 7, 9, 9], "texture": "#2"}
			}
		},
		{
			"from": [1, 4, 15],
			"to": [15, 32, 16],
			"faces": {
				"north": {"uv": [7, 7, 9, 9], "texture": "#2"},
				"east": {"uv": [7, 7, 9, 9], "texture": "#2"},
				"south": {"uv": [7, 7, 9, 9], "texture": "#2"},
				"west": {"uv": [7, 7, 9, 9], "texture": "#2"},
				"up": {"uv": [7, 7, 9, 9], "texture": "#2"},
				"down": {"uv": [7, 7, 9, 9], "texture": "#2"}
			}
		}
	]
}