{
	"credit": "Bubblellaneous Datapack model © BubbleFish",
	"parent": "bubblellaneous:block/abstract/cube",
	"textures": {
		"0": "block/quartz_block_bottom",
		"1": "block/anvil",
		"particle": "block/quartz_block_bottom"
	},
	"elements": [
		{
			"from": [0, 8, 4],
			"to": [1, 14, 16],
			"faces": {
				"north": {"uv": [0, 0, 1, 6], "texture": "#0"},
				"east": {"uv": [0, 0, 12, 6], "texture": "#0"},
				"south": {"uv": [0, 0, 1, 6], "texture": "#0"},
				"west": {"uv": [0, 0, 12, 6], "texture": "#0"},
				"up": {"uv": [0, 0, 1, 12], "texture": "#0"},
				"down": {"uv": [0, 0, 1, 12], "texture": "#0"}
			}
		},
		{
			"from": [15, 8, 4],
			"to": [16, 14, 16],
			"faces": {
				"north": {"uv": [0, 0, 1, 6], "texture": "#0"},
				"east": {"uv": [0, 0, 12, 6], "texture": "#0"},
				"south": {"uv": [0, 0, 1, 6], "texture": "#0"},
				"west": {"uv": [0, 0, 12, 6], "texture": "#0"},
				"up": {"uv": [0, 0, 1, 12], "texture": "#0"},
				"down": {"uv": [0, 0, 1, 12], "texture": "#0"}
			}
		},
		{
			"from": [1, 8, 13],
			"to": [15, 14, 16],
			"faces": {
				"north": {"uv": [0, 0, 14, 6], "texture": "#0"},
				"east": {"uv": [0, 0, 3, 6], "texture": "#0"},
				"south": {"uv": [0, 0, 14, 6], "texture": "#0"},
				"west": {"uv": [0, 0, 3, 6], "texture": "#0"},
				"up": {"uv": [0, 0, 14, 3], "texture": "#0"},
				"down": {"uv": [0, 0, 14, 3], "texture": "#0"}
			}
		},
		{
			"from": [7, 14, 13.5],
			"to": [9, 18, 15.5],
			"faces": {
				"north": {"uv": [7, 9, 9, 13], "texture": "#1"},
				"east": {"uv": [7, 11, 9, 15], "texture": "#1"},
				"south": {"uv": [7, 6, 9, 10], "texture": "#1"},
				"west": {"uv": [7, 4, 9, 8], "texture": "#1"},
				"up": {"uv": [8, 7, 10, 9], "texture": "#1"},
				"down": {"uv": [4, 7, 6, 9], "texture": "#1"}
			}
		},
		{
			"from": [7, 17, 12.5],
			"to": [9, 18, 13.5],
			"faces": {
				"north": {"uv": [3, 8, 5, 9], "texture": "#1"},
				"east": {"uv": [6, 14, 7, 15], "texture": "#1"},
				"south": {"uv": [4, 7, 6, 8], "texture": "#1"},
				"west": {"uv": [14, 4, 15, 5], "texture": "#1"},
				"up": {"uv": [7, 8, 9, 9], "texture": "#1"},
				"down": {"uv": [7, 6, 9, 7], "texture": "#1"}
			}
		},
		{
			"from": [1, 8, 4],
			"to": [15, 14, 5],
			"faces": {
				"north": {"uv": [0, 0, 14, 6], "texture": "#0"},
				"east": {"uv": [0, 0, 1, 6], "texture": "#0"},
				"south": {"uv": [0, 0, 14, 6], "texture": "#0"},
				"west": {"uv": [0, 0, 1, 6], "texture": "#0"},
				"up": {"uv": [0, 0, 14, 1], "texture": "#0"},
				"down": {"uv": [0, 0, 14, 1], "texture": "#0"}
			}
		},
		{
			"from": [1, 8, 5],
			"to": [15, 9, 13],
			"faces": {
				"north": {"uv": [0, 0, 14, 1], "texture": "#0"},
				"east": {"uv": [0, 0, 8, 1], "texture": "#0"},
				"south": {"uv": [0, 0, 14, 1], "texture": "#0"},
				"west": {"uv": [0, 0, 8, 1], "texture": "#0"},
				"up": {"uv": [0, 0, 14, 8], "texture": "#0"},
				"down": {"uv": [0, 0, 14, 8], "texture": "#0"}
			}
		},
		{
			"from": [3, 3, 12],
			"to": [6, 8, 15],
			"faces": {
				"north": {"uv": [10, 8, 13, 13], "texture": "#1"},
				"east": {"uv": [1, 8, 4, 13], "texture": "#1"},
				"south": {"uv": [3, 8, 6, 13], "texture": "#1"},
				"west": {"uv": [12, 8, 15, 13], "texture": "#1"},
				"up": {"uv": [3, 12, 6, 15], "texture": "#1"},
				"down": {"uv": [3, 1, 6, 4], "texture": "#1"}
			}
		},
		{
			"from": [6, 3, 12],
			"to": [12, 6, 15],
			"faces": {
				"north": {"uv": [4, 10, 10, 13], "texture": "#1"},
				"east": {"uv": [1, 10, 4, 13], "texture": "#1"},
				"south": {"uv": [6, 10, 12, 13], "texture": "#1"},
				"west": {"uv": [12, 10, 15, 13], "texture": "#1"},
				"up": {"uv": [6, 12, 12, 15], "texture": "#1"},
				"down": {"uv": [6, 1, 12, 4], "texture": "#1"}
			}
		},
		{
			"from": [9, 3, 15],
			"to": [12, 6, 16],
			"faces": {
				"north": {"uv": [4, 10, 7, 13], "texture": "#1"},
				"east": {"uv": [0, 10, 1, 13], "texture": "#1"},
				"south": {"uv": [9, 10, 12, 13], "texture": "#1"},
				"west": {"uv": [15, 10, 16, 13], "texture": "#1"},
				"up": {"uv": [9, 15, 12, 16], "texture": "#1"},
				"down": {"uv": [9, 0, 12, 1], "texture": "#1"}
			}
		}
	]
}